,num_workers,sample_num,objid,clust,sample
2205,5,0,1,0,5workers_rand0
2208,5,0,2,-1,5workers_rand0
2209,5,0,3,-1,5workers_rand0
2210,5,0,4,0,5workers_rand0
2213,5,0,5,-1,5workers_rand0
2214,5,0,6,-1,5workers_rand0
2215,5,0,7,0,5workers_rand0
2218,5,0,8,0,5workers_rand0
2305,5,0,9,-1,5workers_rand0
2306,5,0,10,0,5workers_rand0
2222,5,0,11,-1,5workers_rand0
2309,5,0,12,-1,5workers_rand0
2223,5,0,13,-1,5workers_rand0
2224,5,0,14,-1,5workers_rand0
2225,5,0,15,0,5workers_rand0
2228,5,0,16,-1,5workers_rand0
2229,5,0,17,-1,5workers_rand0
2230,5,0,18,0,5workers_rand0
2233,5,0,19,-1,5workers_rand0
2235,5,0,20,1,5workers_rand0
2240,5,0,21,0,5workers_rand0
2243,5,0,22,0,5workers_rand0
2246,5,0,23,-1,5workers_rand0
2247,5,0,24,-1,5workers_rand0
2250,5,0,25,-1,5workers_rand0
2251,5,0,26,0,5workers_rand0
2254,5,0,27,0,5workers_rand0
2259,5,0,28,0,5workers_rand0
2265,5,0,29,-1,5workers_rand0
2267,5,0,30,1,5workers_rand0
2272,5,0,31,-1,5workers_rand0
2273,5,0,32,0,5workers_rand0
2276,5,0,33,0,5workers_rand0
2280,5,0,34,1,5workers_rand0
2282,5,0,36,-1,5workers_rand0
2284,5,0,37,1,5workers_rand0
2286,5,0,38,-1,5workers_rand0
2287,5,0,39,-1,5workers_rand0
2301,5,0,40,-1,5workers_rand0
2302,5,0,41,0,5workers_rand0
2288,5,0,42,0,5workers_rand0
2291,5,0,43,-1,5workers_rand0
2292,5,0,44,-1,5workers_rand0
2293,5,0,45,-1,5workers_rand0
2294,5,0,46,-1,5workers_rand0
2298,5,0,47,-1,5workers_rand0
2310,5,1,1,0,5workers_rand1
2313,5,1,2,-1,5workers_rand1
2314,5,1,3,-1,5workers_rand1
2315,5,1,4,0,5workers_rand1
2318,5,1,5,-1,5workers_rand1
2319,5,1,6,-1,5workers_rand1
2322,5,1,7,-1,5workers_rand1
2323,5,1,8,0,5workers_rand1
2410,5,1,9,-1,5workers_rand1
2411,5,1,10,0,5workers_rand1
2327,5,1,11,-1,5workers_rand1
2414,5,1,12,-1,5workers_rand1
2328,5,1,13,-1,5workers_rand1
2329,5,1,14,-1,5workers_rand1
2330,5,1,15,0,5workers_rand1
2333,5,1,16,-1,5workers_rand1
2334,5,1,17,-1,5workers_rand1
2335,5,1,18,0,5workers_rand1
2338,5,1,19,-1,5workers_rand1
2341,5,1,20,2,5workers_rand1
2345,5,1,21,0,5workers_rand1
2348,5,1,22,0,5workers_rand1
2351,5,1,23,-1,5workers_rand1
2352,5,1,24,-1,5workers_rand1
2355,5,1,25,-1,5workers_rand1
2356,5,1,26,0,5workers_rand1
2359,5,1,27,0,5workers_rand1
2364,5,1,28,0,5workers_rand1
2368,5,1,29,1,5workers_rand1
2372,5,1,30,1,5workers_rand1
2374,5,1,31,0,5workers_rand1
2378,5,1,32,0,5workers_rand1
2381,5,1,33,0,5workers_rand1
2385,5,1,34,1,5workers_rand1
2387,5,1,36,-1,5workers_rand1
2389,5,1,37,1,5workers_rand1
2391,5,1,38,-1,5workers_rand1
2392,5,1,39,-1,5workers_rand1
2406,5,1,40,-1,5workers_rand1
2409,5,1,41,-1,5workers_rand1
2393,5,1,42,0,5workers_rand1
2396,5,1,43,-1,5workers_rand1
2397,5,1,44,-1,5workers_rand1
2398,5,1,45,-1,5workers_rand1
2399,5,1,46,-1,5workers_rand1
2400,5,1,47,0,5workers_rand1
2415,5,2,1,0,5workers_rand2
2418,5,2,2,-1,5workers_rand2
2419,5,2,3,-1,5workers_rand2
2420,5,2,4,0,5workers_rand2
2423,5,2,5,-1,5workers_rand2
2424,5,2,6,-1,5workers_rand2
2426,5,2,7,1,5workers_rand2
2428,5,2,8,0,5workers_rand2
2515,5,2,9,-1,5workers_rand2
2516,5,2,10,0,5workers_rand2
2432,5,2,11,-1,5workers_rand2
2519,5,2,12,-1,5workers_rand2
2433,5,2,13,-1,5workers_rand2
2434,5,2,14,-1,5workers_rand2
2435,5,2,15,0,5workers_rand2
2438,5,2,16,-1,5workers_rand2
2439,5,2,17,-1,5workers_rand2
2440,5,2,18,0,5workers_rand2
2443,5,2,19,-1,5workers_rand2
2445,5,2,20,1,5workers_rand2
2450,5,2,21,0,5workers_rand2
2453,5,2,22,0,5workers_rand2
2456,5,2,23,-1,5workers_rand2
2457,5,2,24,-1,5workers_rand2
2460,5,2,25,-1,5workers_rand2
2463,5,2,26,-1,5workers_rand2
2464,5,2,27,0,5workers_rand2
2469,5,2,28,0,5workers_rand2
2475,5,2,29,-1,5workers_rand2
2477,5,2,30,1,5workers_rand2
2479,5,2,31,0,5workers_rand2
2485,5,2,32,-1,5workers_rand2
2486,5,2,33,0,5workers_rand2
2491,5,2,34,-1,5workers_rand2
2492,5,2,36,-1,5workers_rand2
2494,5,2,37,1,5workers_rand2
2496,5,2,38,-1,5workers_rand2
2497,5,2,39,-1,5workers_rand2
2509,5,2,40,0,5workers_rand2
2514,5,2,41,-1,5workers_rand2
2498,5,2,42,0,5workers_rand2
2501,5,2,43,-1,5workers_rand2
2502,5,2,44,-1,5workers_rand2
2503,5,2,45,-1,5workers_rand2
2504,5,2,46,-1,5workers_rand2
2505,5,2,47,0,5workers_rand2
2520,5,3,1,0,5workers_rand3
2523,5,3,2,-1,5workers_rand3
2524,5,3,3,-1,5workers_rand3
2525,5,3,4,0,5workers_rand3
2528,5,3,5,-1,5workers_rand3
2529,5,3,6,-1,5workers_rand3
2531,5,3,7,1,5workers_rand3
2536,5,3,8,-1,5workers_rand3
2620,5,3,9,-1,5workers_rand3
2621,5,3,10,0,5workers_rand3
2537,5,3,11,-1,5workers_rand3
2624,5,3,12,-1,5workers_rand3
2538,5,3,13,-1,5workers_rand3
2539,5,3,14,-1,5workers_rand3
2540,5,3,15,0,5workers_rand3
2543,5,3,16,-1,5workers_rand3
2544,5,3,17,-1,5workers_rand3
2545,5,3,18,0,5workers_rand3
2548,5,3,19,-1,5workers_rand3
2550,5,3,20,1,5workers_rand3
2555,5,3,21,0,5workers_rand3
2558,5,3,22,0,5workers_rand3
2561,5,3,23,-1,5workers_rand3
2562,5,3,24,-1,5workers_rand3
2564,5,3,25,1,5workers_rand3
2566,5,3,26,0,5workers_rand3
2569,5,3,27,0,5workers_rand3
2574,5,3,28,0,5workers_rand3
2580,5,3,29,-1,5workers_rand3
2582,5,3,30,1,5workers_rand3
2584,5,3,31,0,5workers_rand3
2588,5,3,32,0,5workers_rand3
2591,5,3,33,0,5workers_rand3
2595,5,3,34,1,5workers_rand3
2597,5,3,36,-1,5workers_rand3
2599,5,3,37,1,5workers_rand3
2601,5,3,38,-1,5workers_rand3
2602,5,3,39,-1,5workers_rand3
2614,5,3,40,0,5workers_rand3
2617,5,3,41,0,5workers_rand3
2603,5,3,42,0,5workers_rand3
2606,5,3,43,-1,5workers_rand3
2607,5,3,44,-1,5workers_rand3
2608,5,3,45,-1,5workers_rand3
2609,5,3,46,-1,5workers_rand3
2613,5,3,47,-1,5workers_rand3
2625,5,4,1,0,5workers_rand4
2628,5,4,2,-1,5workers_rand4
2629,5,4,3,-1,5workers_rand4
2630,5,4,4,0,5workers_rand4
2633,5,4,5,-1,5workers_rand4
2634,5,4,6,-1,5workers_rand4
2636,5,4,7,1,5workers_rand4
2641,5,4,8,-1,5workers_rand4
2725,5,4,9,-1,5workers_rand4
2726,5,4,10,0,5workers_rand4
2642,5,4,11,-1,5workers_rand4
2729,5,4,12,-1,5workers_rand4
2643,5,4,13,-1,5workers_rand4
2644,5,4,14,-1,5workers_rand4
2645,5,4,15,0,5workers_rand4
2648,5,4,16,-1,5workers_rand4
2649,5,4,17,-1,5workers_rand4
2650,5,4,18,0,5workers_rand4
2653,5,4,19,-1,5workers_rand4
2659,5,4,20,-1,5workers_rand4
2660,5,4,21,0,5workers_rand4
2663,5,4,22,0,5workers_rand4
2666,5,4,23,-1,5workers_rand4
2667,5,4,24,-1,5workers_rand4
2670,5,4,25,-1,5workers_rand4
2673,5,4,26,-1,5workers_rand4
2674,5,4,27,0,5workers_rand4
2679,5,4,28,0,5workers_rand4
2682,5,4,29,0,5workers_rand4
2687,5,4,30,1,5workers_rand4
2689,5,4,31,0,5workers_rand4
2693,5,4,32,0,5workers_rand4
2696,5,4,33,0,5workers_rand4
2700,5,4,34,1,5workers_rand4
2702,5,4,36,-1,5workers_rand4
2704,5,4,37,1,5workers_rand4
2706,5,4,38,-1,5workers_rand4
2707,5,4,39,-1,5workers_rand4
2719,5,4,40,0,5workers_rand4
2724,5,4,41,-1,5workers_rand4
2708,5,4,42,0,5workers_rand4
2711,5,4,43,-1,5workers_rand4
2712,5,4,44,-1,5workers_rand4
2713,5,4,45,-1,5workers_rand4
2714,5,4,46,-1,5workers_rand4
2716,5,4,47,1,5workers_rand4
2730,5,5,1,0,5workers_rand5
2733,5,5,2,-1,5workers_rand5
2734,5,5,3,-1,5workers_rand5
2735,5,5,4,0,5workers_rand5
2738,5,5,5,-1,5workers_rand5
2739,5,5,6,-1,5workers_rand5
2740,5,5,7,0,5workers_rand5
2743,5,5,8,0,5workers_rand5
2830,5,5,9,-1,5workers_rand5
2831,5,5,10,0,5workers_rand5
2747,5,5,11,-1,5workers_rand5
2834,5,5,12,-1,5workers_rand5
2748,5,5,13,-1,5workers_rand5
2749,5,5,14,-1,5workers_rand5
2750,5,5,15,0,5workers_rand5
2753,5,5,16,-1,5workers_rand5
2754,5,5,17,-1,5workers_rand5
2755,5,5,18,0,5workers_rand5
2758,5,5,19,-1,5workers_rand5
2760,5,5,20,1,5workers_rand5
2765,5,5,21,0,5workers_rand5
2768,5,5,22,0,5workers_rand5
2771,5,5,23,-1,5workers_rand5
2772,5,5,24,-1,5workers_rand5
2775,5,5,25,-1,5workers_rand5
2776,5,5,26,0,5workers_rand5
2779,5,5,27,0,5workers_rand5
2784,5,5,28,0,5workers_rand5
2790,5,5,29,-1,5workers_rand5
2792,5,5,30,1,5workers_rand5
2797,5,5,31,-1,5workers_rand5
2798,5,5,32,0,5workers_rand5
2801,5,5,33,0,5workers_rand5
2805,5,5,34,1,5workers_rand5
2807,5,5,36,-1,5workers_rand5
2809,5,5,37,1,5workers_rand5
2811,5,5,38,-1,5workers_rand5
2812,5,5,39,-1,5workers_rand5
2826,5,5,40,-1,5workers_rand5
2827,5,5,41,0,5workers_rand5
2813,5,5,42,0,5workers_rand5
2816,5,5,43,-1,5workers_rand5
2817,5,5,44,-1,5workers_rand5
2818,5,5,45,-1,5workers_rand5
2819,5,5,46,-1,5workers_rand5
2823,5,5,47,-1,5workers_rand5
2835,5,6,1,0,5workers_rand6
2838,5,6,2,-1,5workers_rand6
2839,5,6,3,-1,5workers_rand6
2840,5,6,4,0,5workers_rand6
2843,5,6,5,-1,5workers_rand6
2844,5,6,6,-1,5workers_rand6
2846,5,6,7,1,5workers_rand6
2851,5,6,8,-1,5workers_rand6
2935,5,6,9,-1,5workers_rand6
2936,5,6,10,0,5workers_rand6
2852,5,6,11,-1,5workers_rand6
2939,5,6,12,-1,5workers_rand6
2853,5,6,13,-1,5workers_rand6
2854,5,6,14,-1,5workers_rand6
2855,5,6,15,0,5workers_rand6
2858,5,6,16,-1,5workers_rand6
2859,5,6,17,-1,5workers_rand6
2860,5,6,18,0,5workers_rand6
2863,5,6,19,-1,5workers_rand6
2865,5,6,20,1,5workers_rand6
2870,5,6,21,0,5workers_rand6
2873,5,6,22,0,5workers_rand6
2876,5,6,23,-1,5workers_rand6
2877,5,6,24,-1,5workers_rand6
2879,5,6,25,1,5workers_rand6
2881,5,6,26,0,5workers_rand6
2884,5,6,27,0,5workers_rand6
2891,5,6,28,-1,5workers_rand6
2892,5,6,29,0,5workers_rand6
2897,5,6,30,1,5workers_rand6
2899,5,6,31,0,5workers_rand6
2903,5,6,32,0,5workers_rand6
2906,5,6,33,0,5workers_rand6
2911,5,6,34,-1,5workers_rand6
2912,5,6,36,-1,5workers_rand6
2914,5,6,37,1,5workers_rand6
2916,5,6,38,-1,5workers_rand6
2917,5,6,39,-1,5workers_rand6
2929,5,6,40,0,5workers_rand6
2932,5,6,41,0,5workers_rand6
2918,5,6,42,0,5workers_rand6
2921,5,6,43,-1,5workers_rand6
2922,5,6,44,-1,5workers_rand6
2923,5,6,45,-1,5workers_rand6
2924,5,6,46,-1,5workers_rand6
2925,5,6,47,0,5workers_rand6
2940,5,7,1,0,5workers_rand7
2943,5,7,2,-1,5workers_rand7
2944,5,7,3,-1,5workers_rand7
2945,5,7,4,0,5workers_rand7
2948,5,7,5,-1,5workers_rand7
2949,5,7,6,-1,5workers_rand7
2951,5,7,7,1,5workers_rand7
2953,5,7,8,0,5workers_rand7
3040,5,7,9,-1,5workers_rand7
3041,5,7,10,0,5workers_rand7
2957,5,7,11,-1,5workers_rand7
3044,5,7,12,-1,5workers_rand7
2958,5,7,13,-1,5workers_rand7
2959,5,7,14,-1,5workers_rand7
2960,5,7,15,0,5workers_rand7
2963,5,7,16,-1,5workers_rand7
2964,5,7,17,-1,5workers_rand7
2965,5,7,18,0,5workers_rand7
2968,5,7,19,-1,5workers_rand7
2974,5,7,20,-1,5workers_rand7
2975,5,7,21,0,5workers_rand7
2978,5,7,22,0,5workers_rand7
2981,5,7,23,-1,5workers_rand7
2982,5,7,24,-1,5workers_rand7
2984,5,7,25,1,5workers_rand7
2986,5,7,26,0,5workers_rand7
2989,5,7,27,0,5workers_rand7
2994,5,7,28,0,5workers_rand7
2997,5,7,29,0,5workers_rand7
3002,5,7,30,1,5workers_rand7
3007,5,7,31,-1,5workers_rand7
3008,5,7,32,0,5workers_rand7
3011,5,7,33,0,5workers_rand7
3016,5,7,34,-1,5workers_rand7
3017,5,7,36,-1,5workers_rand7
3019,5,7,37,1,5workers_rand7
3021,5,7,38,-1,5workers_rand7
3022,5,7,39,-1,5workers_rand7
3036,5,7,40,-1,5workers_rand7
3037,5,7,41,0,5workers_rand7
3023,5,7,42,0,5workers_rand7
3026,5,7,43,-1,5workers_rand7
3027,5,7,44,-1,5workers_rand7
3028,5,7,45,-1,5workers_rand7
3029,5,7,46,-1,5workers_rand7
3030,5,7,47,0,5workers_rand7
3045,5,8,1,0,5workers_rand8
3048,5,8,2,-1,5workers_rand8
3049,5,8,3,-1,5workers_rand8
3050,5,8,4,0,5workers_rand8
3053,5,8,5,-1,5workers_rand8
3054,5,8,6,-1,5workers_rand8
3055,5,8,7,0,5workers_rand8
3061,5,8,8,-1,5workers_rand8
3145,5,8,9,-1,5workers_rand8
3146,5,8,10,0,5workers_rand8
3062,5,8,11,-1,5workers_rand8
3149,5,8,12,-1,5workers_rand8
3063,5,8,13,-1,5workers_rand8
3064,5,8,14,-1,5workers_rand8
3065,5,8,15,0,5workers_rand8
3068,5,8,16,-1,5workers_rand8
3069,5,8,17,-1,5workers_rand8
3070,5,8,18,0,5workers_rand8
3073,5,8,19,-1,5workers_rand8
3075,5,8,20,1,5workers_rand8
3080,5,8,21,0,5workers_rand8
3083,5,8,22,0,5workers_rand8
3086,5,8,23,-1,5workers_rand8
3087,5,8,24,-1,5workers_rand8
3090,5,8,25,-1,5workers_rand8
3093,5,8,26,-1,5workers_rand8
3094,5,8,27,0,5workers_rand8
3099,5,8,28,0,5workers_rand8
3105,5,8,29,-1,5workers_rand8
3107,5,8,30,1,5workers_rand8
3112,5,8,31,-1,5workers_rand8
3113,5,8,32,0,5workers_rand8
3116,5,8,33,0,5workers_rand8
3120,5,8,34,1,5workers_rand8
3122,5,8,36,-1,5workers_rand8
3124,5,8,37,1,5workers_rand8
3126,5,8,38,-1,5workers_rand8
3127,5,8,39,-1,5workers_rand8
3141,5,8,40,-1,5workers_rand8
3142,5,8,41,0,5workers_rand8
3128,5,8,42,0,5workers_rand8
3131,5,8,43,-1,5workers_rand8
3132,5,8,44,-1,5workers_rand8
3133,5,8,45,-1,5workers_rand8
3134,5,8,46,-1,5workers_rand8
3138,5,8,47,-1,5workers_rand8
3150,5,9,1,0,5workers_rand9
3153,5,9,2,-1,5workers_rand9
3154,5,9,3,-1,5workers_rand9
3155,5,9,4,0,5workers_rand9
3158,5,9,5,-1,5workers_rand9
3159,5,9,6,-1,5workers_rand9
3160,5,9,7,0,5workers_rand9
3166,5,9,8,-1,5workers_rand9
3250,5,9,9,-1,5workers_rand9
3251,5,9,10,0,5workers_rand9
3167,5,9,11,-1,5workers_rand9
3254,5,9,12,-1,5workers_rand9
3168,5,9,13,-1,5workers_rand9
3169,5,9,14,-1,5workers_rand9
3170,5,9,15,0,5workers_rand9
3173,5,9,16,-1,5workers_rand9
3174,5,9,17,-1,5workers_rand9
3175,5,9,18,0,5workers_rand9
3178,5,9,19,-1,5workers_rand9
3180,5,9,20,1,5workers_rand9
3185,5,9,21,0,5workers_rand9
3188,5,9,22,0,5workers_rand9
3191,5,9,23,-1,5workers_rand9
3192,5,9,24,-1,5workers_rand9
3194,5,9,25,1,5workers_rand9
3196,5,9,26,0,5workers_rand9
3199,5,9,27,0,5workers_rand9
3204,5,9,28,0,5workers_rand9
3210,5,9,29,-1,5workers_rand9
3212,5,9,30,1,5workers_rand9
3214,5,9,31,0,5workers_rand9
3218,5,9,32,0,5workers_rand9
3221,5,9,33,0,5workers_rand9
3225,5,9,34,1,5workers_rand9
3227,5,9,36,-1,5workers_rand9
3229,5,9,37,1,5workers_rand9
3231,5,9,38,-1,5workers_rand9
3232,5,9,39,-1,5workers_rand9
3246,5,9,40,-1,5workers_rand9
3249,5,9,41,-1,5workers_rand9
3233,5,9,42,0,5workers_rand9
3236,5,9,43,-1,5workers_rand9
3237,5,9,44,-1,5workers_rand9
3238,5,9,45,-1,5workers_rand9
3239,5,9,46,-1,5workers_rand9
3240,5,9,47,0,5workers_rand9
0,10,0,1,0,10workers_rand0
3,10,0,2,-1,10workers_rand0
4,10,0,3,-1,10workers_rand0
6,10,0,4,0,10workers_rand0
8,10,0,5,-1,10workers_rand0
9,10,0,6,-1,10workers_rand0
11,10,0,7,1,10workers_rand0
13,10,0,8,0,10workers_rand0
100,10,0,9,-1,10workers_rand0
101,10,0,10,0,10workers_rand0
17,10,0,11,-1,10workers_rand0
104,10,0,12,-1,10workers_rand0
18,10,0,13,-1,10workers_rand0
19,10,0,14,-1,10workers_rand0
20,10,0,15,0,10workers_rand0
23,10,0,16,-1,10workers_rand0
24,10,0,17,-1,10workers_rand0
25,10,0,18,0,10workers_rand0
28,10,0,19,-1,10workers_rand0
30,10,0,20,1,10workers_rand0
35,10,0,21,0,10workers_rand0
38,10,0,22,0,10workers_rand0
41,10,0,23,-1,10workers_rand0
42,10,0,24,-1,10workers_rand0
44,10,0,25,1,10workers_rand0
46,10,0,26,0,10workers_rand0
49,10,0,27,0,10workers_rand0
54,10,0,28,0,10workers_rand0
60,10,0,29,-1,10workers_rand0
62,10,0,30,1,10workers_rand0
67,10,0,31,-1,10workers_rand0
68,10,0,32,0,10workers_rand0
71,10,0,33,0,10workers_rand0
75,10,0,34,1,10workers_rand0
77,10,0,36,-1,10workers_rand0
79,10,0,37,1,10workers_rand0
81,10,0,38,-1,10workers_rand0
82,10,0,39,-1,10workers_rand0
94,10,0,40,0,10workers_rand0
97,10,0,41,0,10workers_rand0
83,10,0,42,0,10workers_rand0
86,10,0,43,-1,10workers_rand0
87,10,0,44,-1,10workers_rand0
88,10,0,45,-1,10workers_rand0
89,10,0,46,-1,10workers_rand0
93,10,0,47,-1,10workers_rand0
107,10,1,1,-1,10workers_rand1
108,10,1,2,-1,10workers_rand1
109,10,1,3,-1,10workers_rand1
110,10,1,4,0,10workers_rand1
113,10,1,5,-1,10workers_rand1
114,10,1,6,-1,10workers_rand1
116,10,1,7,1,10workers_rand1
118,10,1,8,0,10workers_rand1
205,10,1,9,-1,10workers_rand1
206,10,1,10,0,10workers_rand1
122,10,1,11,-1,10workers_rand1
209,10,1,12,-1,10workers_rand1
123,10,1,13,-1,10workers_rand1
124,10,1,14,-1,10workers_rand1
125,10,1,15,0,10workers_rand1
128,10,1,16,-1,10workers_rand1
129,10,1,17,-1,10workers_rand1
130,10,1,18,0,10workers_rand1
133,10,1,19,-1,10workers_rand1
135,10,1,20,1,10workers_rand1
140,10,1,21,0,10workers_rand1
145,10,1,22,-1,10workers_rand1
146,10,1,23,-1,10workers_rand1
147,10,1,24,-1,10workers_rand1
149,10,1,25,1,10workers_rand1
151,10,1,26,0,10workers_rand1
158,10,1,27,-1,10workers_rand1
159,10,1,28,0,10workers_rand1
162,10,1,29,0,10workers_rand1
167,10,1,30,1,10workers_rand1
172,10,1,31,-1,10workers_rand1
175,10,1,32,-1,10workers_rand1
176,10,1,33,0,10workers_rand1
181,10,1,34,-1,10workers_rand1
182,10,1,36,-1,10workers_rand1
184,10,1,37,1,10workers_rand1
186,10,1,38,-1,10workers_rand1
187,10,1,39,-1,10workers_rand1
201,10,1,40,-1,10workers_rand1
202,10,1,41,0,10workers_rand1
188,10,1,42,0,10workers_rand1
191,10,1,43,-1,10workers_rand1
192,10,1,44,-1,10workers_rand1
193,10,1,45,-1,10workers_rand1
194,10,1,46,-1,10workers_rand1
195,10,1,47,0,10workers_rand1
210,10,2,1,0,10workers_rand2
213,10,2,2,-1,10workers_rand2
214,10,2,3,-1,10workers_rand2
215,10,2,4,0,10workers_rand2
218,10,2,5,-1,10workers_rand2
219,10,2,6,-1,10workers_rand2
221,10,2,7,1,10workers_rand2
223,10,2,8,0,10workers_rand2
310,10,2,9,-1,10workers_rand2
313,10,2,10,-1,10workers_rand2
227,10,2,11,-1,10workers_rand2
314,10,2,12,-1,10workers_rand2
228,10,2,13,-1,10workers_rand2
229,10,2,14,-1,10workers_rand2
232,10,2,15,-1,10workers_rand2
233,10,2,16,-1,10workers_rand2
234,10,2,17,-1,10workers_rand2
235,10,2,18,0,10workers_rand2
238,10,2,19,-1,10workers_rand2
240,10,2,20,1,10workers_rand2
245,10,2,21,0,10workers_rand2
248,10,2,22,0,10workers_rand2
251,10,2,23,-1,10workers_rand2
252,10,2,24,-1,10workers_rand2
254,10,2,25,1,10workers_rand2
256,10,2,26,0,10workers_rand2
259,10,2,27,0,10workers_rand2
266,10,2,28,-1,10workers_rand2
270,10,2,29,-1,10workers_rand2
273,10,2,30,-1,10workers_rand2
274,10,2,31,0,10workers_rand2
278,10,2,32,0,10workers_rand2
281,10,2,33,0,10workers_rand2
285,10,2,34,1,10workers_rand2
287,10,2,36,-1,10workers_rand2
289,10,2,37,1,10workers_rand2
291,10,2,38,-1,10workers_rand2
292,10,2,39,-1,10workers_rand2
304,10,2,40,0,10workers_rand2
307,10,2,41,0,10workers_rand2
293,10,2,42,0,10workers_rand2
296,10,2,43,-1,10workers_rand2
297,10,2,44,-1,10workers_rand2
298,10,2,45,-1,10workers_rand2
299,10,2,46,-1,10workers_rand2
300,10,2,47,0,10workers_rand2
315,10,3,1,0,10workers_rand3
318,10,3,2,-1,10workers_rand3
319,10,3,3,-1,10workers_rand3
320,10,3,4,0,10workers_rand3
323,10,3,5,-1,10workers_rand3
324,10,3,6,-1,10workers_rand3
326,10,3,7,1,10workers_rand3
328,10,3,8,0,10workers_rand3
415,10,3,9,-1,10workers_rand3
418,10,3,10,-1,10workers_rand3
332,10,3,11,-1,10workers_rand3
419,10,3,12,-1,10workers_rand3
333,10,3,13,-1,10workers_rand3
334,10,3,14,-1,10workers_rand3
337,10,3,15,-1,10workers_rand3
338,10,3,16,-1,10workers_rand3
339,10,3,17,-1,10workers_rand3
340,10,3,18,0,10workers_rand3
343,10,3,19,-1,10workers_rand3
345,10,3,20,1,10workers_rand3
350,10,3,21,0,10workers_rand3
355,10,3,22,-1,10workers_rand3
356,10,3,23,-1,10workers_rand3
357,10,3,24,-1,10workers_rand3
359,10,3,25,1,10workers_rand3
361,10,3,26,0,10workers_rand3
368,10,3,27,-1,10workers_rand3
369,10,3,28,0,10workers_rand3
375,10,3,29,-1,10workers_rand3
377,10,3,30,1,10workers_rand3
382,10,3,31,-1,10workers_rand3
385,10,3,32,-1,10workers_rand3
386,10,3,33,0,10workers_rand3
391,10,3,34,-1,10workers_rand3
392,10,3,36,-1,10workers_rand3
394,10,3,37,1,10workers_rand3
396,10,3,38,-1,10workers_rand3
397,10,3,39,-1,10workers_rand3
411,10,3,40,-1,10workers_rand3
412,10,3,41,0,10workers_rand3
398,10,3,42,0,10workers_rand3
401,10,3,43,-1,10workers_rand3
402,10,3,44,-1,10workers_rand3
403,10,3,45,-1,10workers_rand3
404,10,3,46,-1,10workers_rand3
405,10,3,47,0,10workers_rand3
420,10,4,1,0,10workers_rand4
423,10,4,2,-1,10workers_rand4
424,10,4,3,-1,10workers_rand4
425,10,4,4,0,10workers_rand4
428,10,4,5,-1,10workers_rand4
429,10,4,6,-1,10workers_rand4
431,10,4,7,1,10workers_rand4
433,10,4,8,0,10workers_rand4
520,10,4,9,-1,10workers_rand4
521,10,4,10,0,10workers_rand4
437,10,4,11,-1,10workers_rand4
524,10,4,12,-1,10workers_rand4
438,10,4,13,-1,10workers_rand4
439,10,4,14,-1,10workers_rand4
440,10,4,15,0,10workers_rand4
443,10,4,16,-1,10workers_rand4
444,10,4,17,-1,10workers_rand4
445,10,4,18,0,10workers_rand4
448,10,4,19,-1,10workers_rand4
450,10,4,20,1,10workers_rand4
455,10,4,21,0,10workers_rand4
460,10,4,22,-1,10workers_rand4
461,10,4,23,-1,10workers_rand4
462,10,4,24,-1,10workers_rand4
464,10,4,25,1,10workers_rand4
466,10,4,26,0,10workers_rand4
469,10,4,27,0,10workers_rand4
474,10,4,28,0,10workers_rand4
480,10,4,29,-1,10workers_rand4
482,10,4,30,1,10workers_rand4
484,10,4,31,0,10workers_rand4
490,10,4,32,-1,10workers_rand4
491,10,4,33,0,10workers_rand4
495,10,4,34,1,10workers_rand4
497,10,4,36,-1,10workers_rand4
499,10,4,37,1,10workers_rand4
501,10,4,38,-1,10workers_rand4
502,10,4,39,-1,10workers_rand4
516,10,4,40,-1,10workers_rand4
517,10,4,41,0,10workers_rand4
503,10,4,42,0,10workers_rand4
506,10,4,43,-1,10workers_rand4
507,10,4,44,-1,10workers_rand4
508,10,4,45,-1,10workers_rand4
509,10,4,46,-1,10workers_rand4
510,10,4,47,0,10workers_rand4
525,10,5,1,0,10workers_rand5
528,10,5,2,-1,10workers_rand5
529,10,5,3,-1,10workers_rand5
530,10,5,4,0,10workers_rand5
533,10,5,5,-1,10workers_rand5
534,10,5,6,-1,10workers_rand5
536,10,5,7,1,10workers_rand5
538,10,5,8,0,10workers_rand5
625,10,5,9,-1,10workers_rand5
628,10,5,10,-1,10workers_rand5
542,10,5,11,-1,10workers_rand5
629,10,5,12,-1,10workers_rand5
543,10,5,13,-1,10workers_rand5
544,10,5,14,-1,10workers_rand5
545,10,5,15,0,10workers_rand5
548,10,5,16,-1,10workers_rand5
549,10,5,17,-1,10workers_rand5
550,10,5,18,0,10workers_rand5
553,10,5,19,-1,10workers_rand5
555,10,5,20,1,10workers_rand5
560,10,5,21,0,10workers_rand5
563,10,5,22,0,10workers_rand5
566,10,5,23,-1,10workers_rand5
567,10,5,24,-1,10workers_rand5
569,10,5,25,1,10workers_rand5
571,10,5,26,0,10workers_rand5
574,10,5,27,0,10workers_rand5
581,10,5,28,-1,10workers_rand5
585,10,5,29,-1,10workers_rand5
587,10,5,30,1,10workers_rand5
589,10,5,31,0,10workers_rand5
595,10,5,32,-1,10workers_rand5
598,10,5,33,-1,10workers_rand5
600,10,5,34,1,10workers_rand5
602,10,5,36,-1,10workers_rand5
605,10,5,37,-1,10workers_rand5
606,10,5,38,-1,10workers_rand5
607,10,5,39,-1,10workers_rand5
621,10,5,40,-1,10workers_rand5
624,10,5,41,-1,10workers_rand5
608,10,5,42,0,10workers_rand5
611,10,5,43,-1,10workers_rand5
612,10,5,44,-1,10workers_rand5
613,10,5,45,-1,10workers_rand5
614,10,5,46,-1,10workers_rand5
615,10,5,47,0,10workers_rand5
630,10,6,1,0,10workers_rand6
633,10,6,2,-1,10workers_rand6
634,10,6,3,-1,10workers_rand6
635,10,6,4,0,10workers_rand6
638,10,6,5,-1,10workers_rand6
639,10,6,6,-1,10workers_rand6
641,10,6,7,1,10workers_rand6
643,10,6,8,0,10workers_rand6
730,10,6,9,-1,10workers_rand6
731,10,6,10,0,10workers_rand6
647,10,6,11,-1,10workers_rand6
734,10,6,12,-1,10workers_rand6
648,10,6,13,-1,10workers_rand6
649,10,6,14,-1,10workers_rand6
650,10,6,15,0,10workers_rand6
653,10,6,16,-1,10workers_rand6
654,10,6,17,-1,10workers_rand6
655,10,6,18,0,10workers_rand6
658,10,6,19,-1,10workers_rand6
660,10,6,20,1,10workers_rand6
665,10,6,21,0,10workers_rand6
670,10,6,22,-1,10workers_rand6
671,10,6,23,-1,10workers_rand6
672,10,6,24,-1,10workers_rand6
674,10,6,25,1,10workers_rand6
676,10,6,26,0,10workers_rand6
683,10,6,27,-1,10workers_rand6
684,10,6,28,0,10workers_rand6
690,10,6,29,-1,10workers_rand6
692,10,6,30,1,10workers_rand6
697,10,6,31,-1,10workers_rand6
700,10,6,32,-1,10workers_rand6
701,10,6,33,0,10workers_rand6
706,10,6,34,-1,10workers_rand6
707,10,6,36,-1,10workers_rand6
709,10,6,37,1,10workers_rand6
711,10,6,38,-1,10workers_rand6
712,10,6,39,-1,10workers_rand6
726,10,6,40,-1,10workers_rand6
727,10,6,41,0,10workers_rand6
713,10,6,42,0,10workers_rand6
716,10,6,43,-1,10workers_rand6
717,10,6,44,-1,10workers_rand6
718,10,6,45,-1,10workers_rand6
719,10,6,46,-1,10workers_rand6
720,10,6,47,0,10workers_rand6
735,10,7,1,0,10workers_rand7
738,10,7,2,-1,10workers_rand7
739,10,7,3,-1,10workers_rand7
740,10,7,4,0,10workers_rand7
743,10,7,5,-1,10workers_rand7
744,10,7,6,-1,10workers_rand7
746,10,7,7,1,10workers_rand7
748,10,7,8,0,10workers_rand7
835,10,7,9,-1,10workers_rand7
838,10,7,10,-1,10workers_rand7
752,10,7,11,-1,10workers_rand7
839,10,7,12,-1,10workers_rand7
753,10,7,13,-1,10workers_rand7
754,10,7,14,-1,10workers_rand7
755,10,7,15,0,10workers_rand7
758,10,7,16,-1,10workers_rand7
759,10,7,17,-1,10workers_rand7
760,10,7,18,0,10workers_rand7
763,10,7,19,-1,10workers_rand7
765,10,7,20,1,10workers_rand7
770,10,7,21,0,10workers_rand7
775,10,7,22,-1,10workers_rand7
776,10,7,23,-1,10workers_rand7
777,10,7,24,-1,10workers_rand7
779,10,7,25,1,10workers_rand7
781,10,7,26,0,10workers_rand7
784,10,7,27,0,10workers_rand7
789,10,7,28,0,10workers_rand7
795,10,7,29,-1,10workers_rand7
797,10,7,30,1,10workers_rand7
799,10,7,31,0,10workers_rand7
803,10,7,32,0,10workers_rand7
806,10,7,33,0,10workers_rand7
810,10,7,34,1,10workers_rand7
812,10,7,36,-1,10workers_rand7
814,10,7,37,1,10workers_rand7
816,10,7,38,-1,10workers_rand7
817,10,7,39,-1,10workers_rand7
829,10,7,40,0,10workers_rand7
834,10,7,41,-1,10workers_rand7
818,10,7,42,0,10workers_rand7
821,10,7,43,-1,10workers_rand7
822,10,7,44,-1,10workers_rand7
823,10,7,45,-1,10workers_rand7
824,10,7,46,-1,10workers_rand7
825,10,7,47,0,10workers_rand7
840,15,0,1,0,15workers_rand0
843,15,0,2,-1,15workers_rand0
844,15,0,3,-1,15workers_rand0
845,15,0,4,0,15workers_rand0
848,15,0,5,-1,15workers_rand0
849,15,0,6,-1,15workers_rand0
851,15,0,7,1,15workers_rand0
853,15,0,8,0,15workers_rand0
940,15,0,9,-1,15workers_rand0
943,15,0,10,-1,15workers_rand0
857,15,0,11,-1,15workers_rand0
944,15,0,12,-1,15workers_rand0
858,15,0,13,-1,15workers_rand0
859,15,0,14,-1,15workers_rand0
860,15,0,15,0,15workers_rand0
863,15,0,16,-1,15workers_rand0
864,15,0,17,-1,15workers_rand0
865,15,0,18,0,15workers_rand0
868,15,0,19,-1,15workers_rand0
870,15,0,20,1,15workers_rand0
875,15,0,21,0,15workers_rand0
878,15,0,22,0,15workers_rand0
881,15,0,23,-1,15workers_rand0
882,15,0,24,-1,15workers_rand0
884,15,0,25,1,15workers_rand0
886,15,0,26,0,15workers_rand0
889,15,0,27,0,15workers_rand0
896,15,0,28,-1,15workers_rand0
897,15,0,29,0,15workers_rand0
902,15,0,30,1,15workers_rand0
904,15,0,31,0,15workers_rand0
908,15,0,32,0,15workers_rand0
911,15,0,33,0,15workers_rand0
916,15,0,34,-1,15workers_rand0
917,15,0,36,-1,15workers_rand0
919,15,0,37,1,15workers_rand0
921,15,0,38,-1,15workers_rand0
922,15,0,39,-1,15workers_rand0
936,15,0,40,-1,15workers_rand0
937,15,0,41,0,15workers_rand0
923,15,0,42,0,15workers_rand0
926,15,0,43,-1,15workers_rand0
927,15,0,44,-1,15workers_rand0
928,15,0,45,-1,15workers_rand0
929,15,0,46,-1,15workers_rand0
930,15,0,47,0,15workers_rand0
945,15,1,1,0,15workers_rand1
948,15,1,2,-1,15workers_rand1
949,15,1,3,-1,15workers_rand1
950,15,1,4,0,15workers_rand1
953,15,1,5,-1,15workers_rand1
954,15,1,6,-1,15workers_rand1
956,15,1,7,1,15workers_rand1
958,15,1,8,0,15workers_rand1
1045,15,1,9,-1,15workers_rand1
1046,15,1,10,0,15workers_rand1
962,15,1,11,-1,15workers_rand1
1049,15,1,12,-1,15workers_rand1
963,15,1,13,-1,15workers_rand1
964,15,1,14,-1,15workers_rand1
965,15,1,15,0,15workers_rand1
968,15,1,16,-1,15workers_rand1
969,15,1,17,-1,15workers_rand1
970,15,1,18,0,15workers_rand1
973,15,1,19,-1,15workers_rand1
975,15,1,20,1,15workers_rand1
980,15,1,21,0,15workers_rand1
983,15,1,22,0,15workers_rand1
986,15,1,23,-1,15workers_rand1
987,15,1,24,-1,15workers_rand1
990,15,1,25,-1,15workers_rand1
991,15,1,26,0,15workers_rand1
994,15,1,27,0,15workers_rand1
1001,15,1,28,-1,15workers_rand1
1002,15,1,29,0,15workers_rand1
1007,15,1,30,1,15workers_rand1
1012,15,1,31,-1,15workers_rand1
1013,15,1,32,0,15workers_rand1
1016,15,1,33,0,15workers_rand1
1021,15,1,34,-1,15workers_rand1
1022,15,1,36,-1,15workers_rand1
1024,15,1,37,1,15workers_rand1
1026,15,1,38,-1,15workers_rand1
1027,15,1,39,-1,15workers_rand1
1041,15,1,40,-1,15workers_rand1
1044,15,1,41,-1,15workers_rand1
1028,15,1,42,0,15workers_rand1
1031,15,1,43,-1,15workers_rand1
1032,15,1,44,-1,15workers_rand1
1033,15,1,45,-1,15workers_rand1
1034,15,1,46,-1,15workers_rand1
1035,15,1,47,0,15workers_rand1
1050,15,2,1,0,15workers_rand2
1053,15,2,2,-1,15workers_rand2
1054,15,2,3,-1,15workers_rand2
1057,15,2,4,-1,15workers_rand2
1058,15,2,5,-1,15workers_rand2
1059,15,2,6,-1,15workers_rand2
1061,15,2,7,1,15workers_rand2
1066,15,2,8,-1,15workers_rand2
1150,15,2,9,-1,15workers_rand2
1153,15,2,10,-1,15workers_rand2
1067,15,2,11,-1,15workers_rand2
1154,15,2,12,-1,15workers_rand2
1068,15,2,13,-1,15workers_rand2
1069,15,2,14,-1,15workers_rand2
1070,15,2,15,0,15workers_rand2
1073,15,2,16,-1,15workers_rand2
1074,15,2,17,-1,15workers_rand2
1075,15,2,18,0,15workers_rand2
1078,15,2,19,-1,15workers_rand2
1080,15,2,20,1,15workers_rand2
1085,15,2,21,0,15workers_rand2
1090,15,2,22,-1,15workers_rand2
1091,15,2,23,-1,15workers_rand2
1092,15,2,24,-1,15workers_rand2
1094,15,2,25,1,15workers_rand2
1096,15,2,26,0,15workers_rand2
1099,15,2,27,0,15workers_rand2
1104,15,2,28,0,15workers_rand2
1107,15,2,29,0,15workers_rand2
1112,15,2,30,1,15workers_rand2
1114,15,2,31,0,15workers_rand2
1120,15,2,32,-1,15workers_rand2
1121,15,2,33,0,15workers_rand2
1126,15,2,34,-1,15workers_rand2
1127,15,2,36,-1,15workers_rand2
1129,15,2,37,1,15workers_rand2
1131,15,2,38,-1,15workers_rand2
1132,15,2,39,-1,15workers_rand2
1146,15,2,40,-1,15workers_rand2
1147,15,2,41,0,15workers_rand2
1133,15,2,42,0,15workers_rand2
1136,15,2,43,-1,15workers_rand2
1137,15,2,44,-1,15workers_rand2
1138,15,2,45,-1,15workers_rand2
1139,15,2,46,-1,15workers_rand2
1140,15,2,47,0,15workers_rand2
1155,15,3,1,0,15workers_rand3
1158,15,3,2,-1,15workers_rand3
1159,15,3,3,-1,15workers_rand3
1160,15,3,4,0,15workers_rand3
1163,15,3,5,-1,15workers_rand3
1164,15,3,6,-1,15workers_rand3
1166,15,3,7,1,15workers_rand3
1168,15,3,8,0,15workers_rand3
1255,15,3,9,-1,15workers_rand3
1256,15,3,10,0,15workers_rand3
1172,15,3,11,-1,15workers_rand3
1259,15,3,12,-1,15workers_rand3
1173,15,3,13,-1,15workers_rand3
1174,15,3,14,-1,15workers_rand3
1175,15,3,15,0,15workers_rand3
1178,15,3,16,-1,15workers_rand3
1179,15,3,17,-1,15workers_rand3
1180,15,3,18,0,15workers_rand3
1183,15,3,19,-1,15workers_rand3
1185,15,3,20,1,15workers_rand3
1190,15,3,21,0,15workers_rand3
1193,15,3,22,0,15workers_rand3
1196,15,3,23,-1,15workers_rand3
1197,15,3,24,-1,15workers_rand3
1199,15,3,25,1,15workers_rand3
1201,15,3,26,0,15workers_rand3
1204,15,3,27,0,15workers_rand3
1209,15,3,28,0,15workers_rand3
1212,15,3,29,0,15workers_rand3
1217,15,3,30,1,15workers_rand3
1222,15,3,31,-1,15workers_rand3
1223,15,3,32,0,15workers_rand3
1226,15,3,33,0,15workers_rand3
1231,15,3,34,-1,15workers_rand3
1232,15,3,36,-1,15workers_rand3
1234,15,3,37,1,15workers_rand3
1236,15,3,38,-1,15workers_rand3
1237,15,3,39,-1,15workers_rand3
1251,15,3,40,-1,15workers_rand3
1252,15,3,41,0,15workers_rand3
1238,15,3,42,0,15workers_rand3
1241,15,3,43,-1,15workers_rand3
1242,15,3,44,-1,15workers_rand3
1243,15,3,45,-1,15workers_rand3
1244,15,3,46,-1,15workers_rand3
1245,15,3,47,0,15workers_rand3
1260,15,4,1,0,15workers_rand4
1263,15,4,2,-1,15workers_rand4
1264,15,4,3,-1,15workers_rand4
1265,15,4,4,0,15workers_rand4
1268,15,4,5,-1,15workers_rand4
1269,15,4,6,-1,15workers_rand4
1271,15,4,7,1,15workers_rand4
1273,15,4,8,0,15workers_rand4
1360,15,4,9,-1,15workers_rand4
1361,15,4,10,0,15workers_rand4
1277,15,4,11,-1,15workers_rand4
1364,15,4,12,-1,15workers_rand4
1278,15,4,13,-1,15workers_rand4
1279,15,4,14,-1,15workers_rand4
1280,15,4,15,0,15workers_rand4
1283,15,4,16,-1,15workers_rand4
1284,15,4,17,-1,15workers_rand4
1285,15,4,18,0,15workers_rand4
1288,15,4,19,-1,15workers_rand4
1294,15,4,20,-1,15workers_rand4
1295,15,4,21,0,15workers_rand4
1298,15,4,22,0,15workers_rand4
1301,15,4,23,-1,15workers_rand4
1302,15,4,24,-1,15workers_rand4
1304,15,4,25,1,15workers_rand4
1306,15,4,26,0,15workers_rand4
1309,15,4,27,0,15workers_rand4
1314,15,4,28,0,15workers_rand4
1317,15,4,29,0,15workers_rand4
1322,15,4,30,1,15workers_rand4
1324,15,4,31,0,15workers_rand4
1328,15,4,32,0,15workers_rand4
1331,15,4,33,0,15workers_rand4
1336,15,4,34,-1,15workers_rand4
1337,15,4,36,-1,15workers_rand4
1339,15,4,37,1,15workers_rand4
1341,15,4,38,-1,15workers_rand4
1342,15,4,39,-1,15workers_rand4
1356,15,4,40,-1,15workers_rand4
1359,15,4,41,-1,15workers_rand4
1343,15,4,42,0,15workers_rand4
1346,15,4,43,-1,15workers_rand4
1347,15,4,44,-1,15workers_rand4
1348,15,4,45,-1,15workers_rand4
1349,15,4,46,-1,15workers_rand4
1350,15,4,47,0,15workers_rand4
1365,15,5,1,0,15workers_rand5
1368,15,5,2,-1,15workers_rand5
1369,15,5,3,-1,15workers_rand5
1372,15,5,4,-1,15workers_rand5
1373,15,5,5,-1,15workers_rand5
1374,15,5,6,-1,15workers_rand5
1376,15,5,7,1,15workers_rand5
1381,15,5,8,-1,15workers_rand5
1468,15,5,9,-1,15workers_rand5
1467,15,5,10,-1,15workers_rand5
1382,15,5,11,-1,15workers_rand5
1469,15,5,12,-1,15workers_rand5
1383,15,5,13,-1,15workers_rand5
1384,15,5,14,-1,15workers_rand5
1385,15,5,15,0,15workers_rand5
1388,15,5,16,-1,15workers_rand5
1389,15,5,17,-1,15workers_rand5
1390,15,5,18,0,15workers_rand5
1393,15,5,19,-1,15workers_rand5
1395,15,5,20,1,15workers_rand5
1400,15,5,21,0,15workers_rand5
1405,15,5,22,-1,15workers_rand5
1406,15,5,23,-1,15workers_rand5
1407,15,5,24,-1,15workers_rand5
1409,15,5,25,1,15workers_rand5
1411,15,5,26,0,15workers_rand5
1414,15,5,27,0,15workers_rand5
1419,15,5,28,0,15workers_rand5
1422,15,5,29,0,15workers_rand5
1427,15,5,30,1,15workers_rand5
1429,15,5,31,0,15workers_rand5
1435,15,5,32,-1,15workers_rand5
1436,15,5,33,0,15workers_rand5
1441,15,5,34,-1,15workers_rand5
1442,15,5,36,-1,15workers_rand5
1444,15,5,37,1,15workers_rand5
1446,15,5,38,-1,15workers_rand5
1447,15,5,39,-1,15workers_rand5
1461,15,5,40,-1,15workers_rand5
1462,15,5,41,0,15workers_rand5
1448,15,5,42,0,15workers_rand5
1451,15,5,43,-1,15workers_rand5
1452,15,5,44,-1,15workers_rand5
1453,15,5,45,-1,15workers_rand5
1454,15,5,46,-1,15workers_rand5
1455,15,5,47,0,15workers_rand5
1470,20,0,1,0,20workers_rand0
1473,20,0,2,-1,20workers_rand0
1474,20,0,3,-1,20workers_rand0
1475,20,0,4,0,20workers_rand0
1478,20,0,5,-1,20workers_rand0
1479,20,0,6,-1,20workers_rand0
1481,20,0,7,1,20workers_rand0
1483,20,0,8,0,20workers_rand0
1570,20,0,9,-1,20workers_rand0
1571,20,0,10,0,20workers_rand0
1487,20,0,11,-1,20workers_rand0
1574,20,0,12,-1,20workers_rand0
1488,20,0,13,-1,20workers_rand0
1489,20,0,14,-1,20workers_rand0
1492,20,0,15,-1,20workers_rand0
1493,20,0,16,-1,20workers_rand0
1494,20,0,17,-1,20workers_rand0
1495,20,0,18,0,20workers_rand0
1498,20,0,19,-1,20workers_rand0
1500,20,0,20,1,20workers_rand0
1505,20,0,21,0,20workers_rand0
1510,20,0,22,-1,20workers_rand0
1511,20,0,23,-1,20workers_rand0
1512,20,0,24,-1,20workers_rand0
1514,20,0,25,1,20workers_rand0
1516,20,0,26,0,20workers_rand0
1519,20,0,27,0,20workers_rand0
1524,20,0,28,0,20workers_rand0
1527,20,0,29,0,20workers_rand0
1532,20,0,30,1,20workers_rand0
1534,20,0,31,0,20workers_rand0
1538,20,0,32,0,20workers_rand0
1541,20,0,33,0,20workers_rand0
1545,20,0,34,1,20workers_rand0
1547,20,0,36,-1,20workers_rand0
1549,20,0,37,1,20workers_rand0
1551,20,0,38,-1,20workers_rand0
1552,20,0,39,-1,20workers_rand0
1566,20,0,40,-1,20workers_rand0
1569,20,0,41,-1,20workers_rand0
1553,20,0,42,0,20workers_rand0
1556,20,0,43,-1,20workers_rand0
1557,20,0,44,-1,20workers_rand0
1558,20,0,45,-1,20workers_rand0
1559,20,0,46,-1,20workers_rand0
1560,20,0,47,0,20workers_rand0
1577,20,1,1,-1,20workers_rand1
1578,20,1,2,-1,20workers_rand1
1579,20,1,3,-1,20workers_rand1
1580,20,1,4,0,20workers_rand1
1583,20,1,5,-1,20workers_rand1
1584,20,1,6,-1,20workers_rand1
1586,20,1,7,1,20workers_rand1
1588,20,1,8,0,20workers_rand1
1675,20,1,9,-1,20workers_rand1
1676,20,1,10,0,20workers_rand1
1592,20,1,11,-1,20workers_rand1
1679,20,1,12,-1,20workers_rand1
1593,20,1,13,-1,20workers_rand1
1594,20,1,14,-1,20workers_rand1
1597,20,1,15,-1,20workers_rand1
1598,20,1,16,-1,20workers_rand1
1599,20,1,17,-1,20workers_rand1
1600,20,1,18,0,20workers_rand1
1603,20,1,19,-1,20workers_rand1
1605,20,1,20,1,20workers_rand1
1612,20,1,21,-1,20workers_rand1
1615,20,1,22,-1,20workers_rand1
1616,20,1,23,-1,20workers_rand1
1617,20,1,24,-1,20workers_rand1
1619,20,1,25,1,20workers_rand1
1623,20,1,26,-1,20workers_rand1
1624,20,1,27,0,20workers_rand1
1631,20,1,28,-1,20workers_rand1
1635,20,1,29,-1,20workers_rand1
1637,20,1,30,1,20workers_rand1
1639,20,1,31,0,20workers_rand1
1643,20,1,32,0,20workers_rand1
1648,20,1,33,-1,20workers_rand1
1651,20,1,34,-1,20workers_rand1
1652,20,1,36,-1,20workers_rand1
1654,20,1,37,1,20workers_rand1
1656,20,1,38,-1,20workers_rand1
1657,20,1,39,-1,20workers_rand1
1671,20,1,40,-1,20workers_rand1
1672,20,1,41,0,20workers_rand1
1658,20,1,42,0,20workers_rand1
1661,20,1,43,-1,20workers_rand1
1662,20,1,44,-1,20workers_rand1
1663,20,1,45,-1,20workers_rand1
1664,20,1,46,-1,20workers_rand1
1665,20,1,47,0,20workers_rand1
1680,20,2,1,0,20workers_rand2
1683,20,2,2,-1,20workers_rand2
1684,20,2,3,-1,20workers_rand2
1685,20,2,4,0,20workers_rand2
1688,20,2,5,-1,20workers_rand2
1689,20,2,6,-1,20workers_rand2
1691,20,2,7,1,20workers_rand2
1693,20,2,8,0,20workers_rand2
1780,20,2,9,-1,20workers_rand2
1783,20,2,10,-1,20workers_rand2
1697,20,2,11,-1,20workers_rand2
1784,20,2,12,-1,20workers_rand2
1698,20,2,13,-1,20workers_rand2
1699,20,2,14,-1,20workers_rand2
1702,20,2,15,-1,20workers_rand2
1703,20,2,16,-1,20workers_rand2
1704,20,2,17,-1,20workers_rand2
1705,20,2,18,0,20workers_rand2
1708,20,2,19,-1,20workers_rand2
1710,20,2,20,1,20workers_rand2
1715,20,2,21,0,20workers_rand2
1718,20,2,22,0,20workers_rand2
1721,20,2,23,-1,20workers_rand2
1722,20,2,24,-1,20workers_rand2
1724,20,2,25,1,20workers_rand2
1726,20,2,26,0,20workers_rand2
1729,20,2,27,0,20workers_rand2
1734,20,2,28,0,20workers_rand2
1737,20,2,29,0,20workers_rand2
1742,20,2,30,1,20workers_rand2
1747,20,2,31,-1,20workers_rand2
1750,20,2,32,-1,20workers_rand2
1751,20,2,33,0,20workers_rand2
1756,20,2,34,-1,20workers_rand2
1757,20,2,36,-1,20workers_rand2
1759,20,2,37,1,20workers_rand2
1761,20,2,38,-1,20workers_rand2
1762,20,2,39,-1,20workers_rand2
1776,20,2,40,-1,20workers_rand2
1777,20,2,41,0,20workers_rand2
1763,20,2,42,0,20workers_rand2
1766,20,2,43,-1,20workers_rand2
1767,20,2,44,-1,20workers_rand2
1768,20,2,45,-1,20workers_rand2
1769,20,2,46,-1,20workers_rand2
1770,20,2,47,0,20workers_rand2
1785,20,3,1,0,20workers_rand3
1788,20,3,2,-1,20workers_rand3
1789,20,3,3,-1,20workers_rand3
1790,20,3,4,0,20workers_rand3
1793,20,3,5,-1,20workers_rand3
1794,20,3,6,-1,20workers_rand3
1796,20,3,7,1,20workers_rand3
1798,20,3,8,0,20workers_rand3
1885,20,3,9,-1,20workers_rand3
1888,20,3,10,-1,20workers_rand3
1802,20,3,11,-1,20workers_rand3
1889,20,3,12,-1,20workers_rand3
1803,20,3,13,-1,20workers_rand3
1804,20,3,14,-1,20workers_rand3
1807,20,3,15,-1,20workers_rand3
1808,20,3,16,-1,20workers_rand3
1809,20,3,17,-1,20workers_rand3
1810,20,3,18,0,20workers_rand3
1813,20,3,19,-1,20workers_rand3
1815,20,3,20,1,20workers_rand3
1820,20,3,21,0,20workers_rand3
1825,20,3,22,-1,20workers_rand3
1826,20,3,23,-1,20workers_rand3
1827,20,3,24,-1,20workers_rand3
1829,20,3,25,1,20workers_rand3
1833,20,3,26,-1,20workers_rand3
1834,20,3,27,0,20workers_rand3
1841,20,3,28,-1,20workers_rand3
1842,20,3,29,0,20workers_rand3
1847,20,3,30,1,20workers_rand3
1849,20,3,31,0,20workers_rand3
1855,20,3,32,-1,20workers_rand3
1858,20,3,33,-1,20workers_rand3
1860,20,3,34,1,20workers_rand3
1862,20,3,36,-1,20workers_rand3
1864,20,3,37,1,20workers_rand3
1866,20,3,38,-1,20workers_rand3
1867,20,3,39,-1,20workers_rand3
1881,20,3,40,-1,20workers_rand3
1884,20,3,41,-1,20workers_rand3
1868,20,3,42,0,20workers_rand3
1871,20,3,43,-1,20workers_rand3
1872,20,3,44,-1,20workers_rand3
1873,20,3,45,-1,20workers_rand3
1874,20,3,46,-1,20workers_rand3
1875,20,3,47,0,20workers_rand3
1890,25,0,1,0,25workers_rand0
1893,25,0,2,-1,25workers_rand0
1894,25,0,3,-1,25workers_rand0
1895,25,0,4,0,25workers_rand0
1898,25,0,5,-1,25workers_rand0
1899,25,0,6,-1,25workers_rand0
1901,25,0,7,1,25workers_rand0
1903,25,0,8,0,25workers_rand0
1990,25,0,9,-1,25workers_rand0
1991,25,0,10,0,25workers_rand0
1907,25,0,11,-1,25workers_rand0
1994,25,0,12,-1,25workers_rand0
1908,25,0,13,-1,25workers_rand0
1909,25,0,14,-1,25workers_rand0
1910,25,0,15,0,25workers_rand0
1913,25,0,16,-1,25workers_rand0
1914,25,0,17,-1,25workers_rand0
1915,25,0,18,0,25workers_rand0
1918,25,0,19,-1,25workers_rand0
1920,25,0,20,1,25workers_rand0
1925,25,0,21,0,25workers_rand0
1930,25,0,22,-1,25workers_rand0
1931,25,0,23,-1,25workers_rand0
1932,25,0,24,-1,25workers_rand0
1934,25,0,25,1,25workers_rand0
1936,25,0,26,0,25workers_rand0
1943,25,0,27,-1,25workers_rand0
1946,25,0,28,-1,25workers_rand0
1947,25,0,29,0,25workers_rand0
1952,25,0,30,1,25workers_rand0
1957,25,0,31,-1,25workers_rand0
1958,25,0,32,0,25workers_rand0
1961,25,0,33,0,25workers_rand0
1966,25,0,34,-1,25workers_rand0
1967,25,0,36,-1,25workers_rand0
1969,25,0,37,1,25workers_rand0
1971,25,0,38,-1,25workers_rand0
1972,25,0,39,-1,25workers_rand0
1986,25,0,40,-1,25workers_rand0
1989,25,0,41,-1,25workers_rand0
1973,25,0,42,0,25workers_rand0
1976,25,0,43,-1,25workers_rand0
1977,25,0,44,-1,25workers_rand0
1978,25,0,45,-1,25workers_rand0
1979,25,0,46,-1,25workers_rand0
1980,25,0,47,0,25workers_rand0
1995,25,1,1,0,25workers_rand1
1998,25,1,2,-1,25workers_rand1
1999,25,1,3,-1,25workers_rand1
2000,25,1,4,0,25workers_rand1
2003,25,1,5,-1,25workers_rand1
2004,25,1,6,-1,25workers_rand1
2006,25,1,7,1,25workers_rand1
2008,25,1,8,0,25workers_rand1
2095,25,1,9,-1,25workers_rand1
2096,25,1,10,0,25workers_rand1
2012,25,1,11,-1,25workers_rand1
2099,25,1,12,-1,25workers_rand1
2013,25,1,13,-1,25workers_rand1
2014,25,1,14,-1,25workers_rand1
2015,25,1,15,0,25workers_rand1
2018,25,1,16,-1,25workers_rand1
2019,25,1,17,-1,25workers_rand1
2020,25,1,18,0,25workers_rand1
2023,25,1,19,-1,25workers_rand1
2025,25,1,20,1,25workers_rand1
2030,25,1,21,0,25workers_rand1
2035,25,1,22,-1,25workers_rand1
2036,25,1,23,-1,25workers_rand1
2037,25,1,24,-1,25workers_rand1
2039,25,1,25,1,25workers_rand1
2043,25,1,26,-1,25workers_rand1
2044,25,1,27,0,25workers_rand1
2051,25,1,28,-1,25workers_rand1
2052,25,1,29,0,25workers_rand1
2057,25,1,30,1,25workers_rand1
2062,25,1,31,-1,25workers_rand1
2063,25,1,32,0,25workers_rand1
2066,25,1,33,0,25workers_rand1
2071,25,1,34,-1,25workers_rand1
2072,25,1,36,-1,25workers_rand1
2074,25,1,37,1,25workers_rand1
2076,25,1,38,-1,25workers_rand1
2077,25,1,39,-1,25workers_rand1
2091,25,1,40,-1,25workers_rand1
2094,25,1,41,-1,25workers_rand1
2078,25,1,42,0,25workers_rand1
2081,25,1,43,-1,25workers_rand1
2082,25,1,44,-1,25workers_rand1
2083,25,1,45,-1,25workers_rand1
2084,25,1,46,-1,25workers_rand1
2085,25,1,47,0,25workers_rand1
2100,30,0,1,0,30workers_rand0
2103,30,0,2,-1,30workers_rand0
2104,30,0,3,-1,30workers_rand0
2105,30,0,4,0,30workers_rand0
2108,30,0,5,-1,30workers_rand0
2109,30,0,6,-1,30workers_rand0
2111,30,0,7,1,30workers_rand0
2113,30,0,8,0,30workers_rand0
2200,30,0,9,-1,30workers_rand0
2203,30,0,10,-1,30workers_rand0
2117,30,0,11,-1,30workers_rand0
2204,30,0,12,-1,30workers_rand0
2118,30,0,13,-1,30workers_rand0
2119,30,0,14,-1,30workers_rand0
2122,30,0,15,-1,30workers_rand0
2123,30,0,16,-1,30workers_rand0
2124,30,0,17,-1,30workers_rand0
2125,30,0,18,0,30workers_rand0
2128,30,0,19,-1,30workers_rand0
2130,30,0,20,1,30workers_rand0
2135,30,0,21,0,30workers_rand0
2140,30,0,22,-1,30workers_rand0
2141,30,0,23,-1,30workers_rand0
2142,30,0,24,-1,30workers_rand0
2144,30,0,25,1,30workers_rand0
2146,30,0,26,0,30workers_rand0
2149,30,0,27,0,30workers_rand0
2156,30,0,28,-1,30workers_rand0
2157,30,0,29,0,30workers_rand0
2162,30,0,30,1,30workers_rand0
2167,30,0,31,-1,30workers_rand0
2170,30,0,32,-1,30workers_rand0
2171,30,0,33,0,30workers_rand0
2176,30,0,34,-1,30workers_rand0
2177,30,0,36,-1,30workers_rand0
2179,30,0,37,1,30workers_rand0
2181,30,0,38,-1,30workers_rand0
2182,30,0,39,-1,30workers_rand0
2196,30,0,40,-1,30workers_rand0
2199,30,0,41,-1,30workers_rand0
2183,30,0,42,0,30workers_rand0
2186,30,0,43,-1,30workers_rand0
2187,30,0,44,-1,30workers_rand0
2188,30,0,45,-1,30workers_rand0
2189,30,0,46,-1,30workers_rand0
2190,30,0,47,0,30workers_rand0
